x,empirical_P(X>x),theoretical_P(X>x),abs_error
0.0,1.0,1.0,0.0
0.402,0.96119,0.9605973,0.0005927
0.804,0.92348,0.92274717,0.00073283
1.206,0.88655,0.88638844,0.00016156
1.608,0.85204,0.85146235,0.00057765
2.0101,0.818,0.81790425,9.575e-05
2.4121,0.78609,0.78567662,0.00041338
2.8141,0.7554,0.75471884,0.00068116
3.2161,0.72544,0.72498088,0.00045912
3.6181,0.69623,0.69641467,0.00018467
4.0201,0.66894,0.66897406,3.406e-05
4.4221,0.64253,0.64261467,8.467e-05
4.8241,0.61711,0.61729392,0.00018392
5.2261,0.59217,0.59297087,0.00080087
5.6281,0.56854,0.56960622,0.00106622
6.0302,0.54613,0.54715673,0.00102673
6.4322,0.52517,0.52559727,0.00042727
6.8342,0.50487,0.50488732,1.732e-05
7.2362,0.48551,0.4849934,0.0005166
7.6382,0.46627,0.46588335,0.00038665
8.0402,0.44848,0.44752629,0.00095371
8.4422,0.43067,0.42989254,0.00077746
8.8442,0.41324,0.41295362,0.00028638
9.2462,0.39686,0.39668213,0.00017787
9.6482,0.38125,0.38105178,0.00019822
10.0503,0.36574,0.36603365,0.00029365
10.4523,0.35117,0.35161094,0.00044094
10.8543,0.33733,0.33775652,0.00042652
11.2563,0.3236,0.324448,0.000848
11.6583,0.31068,0.31166387,0.00098387
12.0603,0.29809,0.29938348,0.00129348
12.4623,0.28614,0.28758696,0.00144696
12.8643,0.27496,0.27625526,0.00129526
13.2663,0.26464,0.26537005,0.00073005
13.6683,0.25474,0.25491376,0.00017376
14.0704,0.24445,0.24486702,0.00041702
14.4724,0.23465,0.2352186,0.0005686
14.8744,0.22504,0.22595035,0.00091035
15.2764,0.21616,0.21704729,0.00088729
15.6784,0.20759,0.20849505,0.00090505
16.0804,0.19946,0.20027978,0.00081978
16.4824,0.19124,0.19238821,0.00114821
16.8844,0.18352,0.1848076,0.0012876
17.2864,0.17608,0.17752568,0.00144568
17.6884,0.16895,0.17053069,0.00158069
18.0905,0.16243,0.16380968,0.00137968
18.4925,0.15629,0.15735514,0.00106514
18.8945,0.15051,0.15115492,0.00064492
19.2965,0.14473,0.14519901,0.00046901
19.6985,0.13917,0.13947778,0.00030778
20.1005,0.13376,0.13398198,0.00022198
20.5025,0.12851,0.12870272,0.00019272
20.9045,0.12352,0.12363149,0.00011149
21.3065,0.11888,0.11876007,0.00011993
21.7085,0.11417,0.11408061,8.939e-05
22.1106,0.10991,0.10958443,0.00032557
22.5126,0.10553,0.10526651,0.00026349
22.9146,0.10093,0.10111872,0.00018872
23.3166,0.097,0.09713437,0.00013437
23.7186,0.0929,0.09330701,0.00040701
24.1206,0.08922,0.08963047,0.00041047
24.5226,0.0855,0.08609878,0.00059878
24.9246,0.08206,0.08270626,0.00064626
25.3266,0.0789,0.07944741,0.00054741
25.7286,0.07594,0.07631697,0.00037697
26.1307,0.07315,0.07330914,0.00015914
26.5327,0.07016,0.07042056,0.00026056
26.9347,0.06728,0.0676458,0.0003658
27.3367,0.06463,0.06498037,0.00035037
27.7387,0.06223,0.06241997,0.00018997
28.1407,0.05965,0.05996046,0.00031046
28.5427,0.05743,0.05759785,0.00016785
28.9447,0.05516,0.05532834,0.00016834
29.3467,0.05295,0.05314826,0.00019826
29.7487,0.05064,0.05105407,0.00041407
30.1508,0.04835,0.04904191,0.00069191
30.5528,0.04647,0.04710953,0.00063953
30.9548,0.04474,0.04525329,0.00051329
31.3568,0.043,0.04347018,0.00047018
31.7588,0.04141,0.04175734,0.00034734
32.1608,0.03966,0.04011199,0.00045199
32.5628,0.03793,0.03853147,0.00060147
32.9648,0.03642,0.03701322,0.00059322
33.3668,0.035,0.0355548,0.0005548
33.7688,0.03363,0.03415385,0.00052385
34.1709,0.03236,0.03280777,0.00044777
34.5729,0.03125,0.03151505,0.00026505
34.9749,0.03002,0.03027327,0.00025327
35.3769,0.02893,0.02908043,0.00015043
35.7789,0.02783,0.02793458,0.00010458
36.1809,0.02683,0.02683388,3.88e-06
36.5829,0.02591,0.02577655,0.00013345
36.9849,0.02499,0.02476089,0.00022911
37.3869,0.02402,0.02378524,0.00023476
37.7889,0.02294,0.02284804,9.196e-05
38.191,0.02209,0.02194754,0.00014246
38.593,0.02129,0.02108275,0.00020725
38.995,0.02044,0.02025203,0.00018797
39.397,0.01978,0.01945405,0.00032595
39.799,0.01907,0.01868751,0.00038249
40.201,0.01843,0.01795117,0.00047883
40.603,0.01769,0.01724385,0.00044615
41.005,0.01695,0.01656439,0.00038561
41.407,0.01631,0.01591171,0.00039829
41.809,0.01572,0.01528475,0.00043525
42.2111,0.01508,0.01468234,0.00039766
42.6131,0.01458,0.01410381,0.00047619
43.0151,0.01404,0.01354809,0.00049191
43.4171,0.01358,0.01301425,0.00056575
43.8191,0.01298,0.01250146,0.00047854
44.2211,0.01241,0.01200887,0.00040113
44.6231,0.01192,0.01153569,0.00038431
45.0251,0.01146,0.01108115,0.00037885
45.4271,0.01093,0.01064452,0.00028548
45.8291,0.01053,0.0102251,0.0003049
46.2312,0.01017,0.0098221,0.0003479
46.6332,0.00981,0.00943509,0.00037491
47.0352,0.00931,0.00906332,0.00024668
47.4372,0.009,0.0087062,0.0002938
47.8392,0.00859,0.00836315,0.00022685
48.2412,0.00827,0.00803362,0.00023638
48.6432,0.00799,0.00771707,0.00027293
49.0452,0.00764,0.007413,0.000227
49.4472,0.00721,0.00712091,8.909e-05
49.8492,0.00695,0.00684033,0.00010967
50.2513,0.00673,0.00657073,0.00015927
50.6533,0.00648,0.00631183,0.00016817
51.0553,0.00612,0.00606312,5.688e-05
51.4573,0.00585,0.00582422,2.578e-05
51.8593,0.00564,0.00559473,4.527e-05
52.2613,0.00539,0.00537428,1.572e-05
52.6633,0.00511,0.00516252,5.252e-05
53.0653,0.00491,0.0049591,4.91e-05
53.4673,0.0047,0.0047637,6.37e-05
53.8693,0.00453,0.004576,4.6e-05
54.2714,0.00438,0.00439565,1.565e-05
54.6734,0.00418,0.00422245,4.245e-05
55.0754,0.00397,0.00405607,8.607e-05
55.4774,0.00377,0.00389625,0.00012625
55.8794,0.00364,0.00374273,0.00010273
56.2814,0.00355,0.00359526,4.526e-05
56.6834,0.00338,0.00345359,7.359e-05
57.0854,0.00328,0.00331751,3.751e-05
57.4874,0.00315,0.00318679,3.679e-05
57.8894,0.00305,0.00306123,1.123e-05
58.2915,0.00299,0.00294058,4.942e-05
58.6935,0.00292,0.00282471,9.529e-05
59.0955,0.00273,0.00271341,1.659e-05
59.4975,0.00267,0.00260649,6.351e-05
59.8995,0.00259,0.00250379,8.621e-05
60.3015,0.00249,0.00240513,8.487e-05
60.7035,0.00238,0.00231036,6.964e-05
61.1055,0.00232,0.00221933,0.00010067
61.5075,0.00218,0.00213188,4.812e-05
61.9095,0.00212,0.00204788,7.212e-05
62.3116,0.00207,0.00196717,0.00010283
62.7136,0.00193,0.00188966,4.034e-05
63.1156,0.00187,0.0018152,5.48e-05
63.5176,0.00181,0.00174368,6.632e-05
63.9196,0.00174,0.00167497,6.503e-05
64.3216,0.00168,0.00160897,7.103e-05
64.7236,0.00159,0.00154557,4.443e-05
65.1256,0.00153,0.00148467,4.533e-05
65.5276,0.00145,0.00142617,2.383e-05
65.9296,0.0014,0.00136998,3.002e-05
66.3317,0.00137,0.00131598,5.402e-05
66.7337,0.00132,0.00126413,5.587e-05
67.1357,0.00125,0.00121432,3.568e-05
67.5377,0.00119,0.00116647,2.353e-05
67.9397,0.00111,0.00112051,1.051e-05
68.3417,0.00107,0.00107636,6.36e-06
68.7437,0.00106,0.00103395,2.605e-05
69.1457,0.00098,0.00099321,1.321e-05
69.5477,0.00096,0.00095407,5.93e-06
69.9497,0.0009,0.00091648,1.648e-05
70.3518,0.0009,0.00088036,1.964e-05
70.7538,0.00088,0.00084567,3.433e-05
71.1558,0.00082,0.00081235,7.65e-06
71.5578,0.00077,0.00078034,1.034e-05
71.9598,0.00072,0.00074959,2.959e-05
72.3618,0.00071,0.00072006,1.006e-05
72.7638,0.0007,0.00069168,8.32e-06
73.1658,0.00065,0.00066443,1.443e-05
73.5678,0.00063,0.00063825,8.25e-06
73.9698,0.00062,0.0006131,6.9e-06
74.3719,0.00062,0.00058894,3.106e-05
74.7739,0.0006,0.00056573,3.427e-05
75.1759,0.00058,0.00054344,3.656e-05
75.5779,0.00057,0.00052203,4.797e-05
75.9799,0.00057,0.00050146,6.854e-05
76.3819,0.00055,0.0004817,6.83e-05
76.7839,0.00055,0.00046272,8.728e-05
77.1859,0.00049,0.00044449,4.551e-05
77.5879,0.00046,0.00042697,3.303e-05
77.9899,0.00046,0.00041015,4.985e-05
78.392,0.00045,0.00039398,5.602e-05
78.794,0.00042,0.00037846,4.154e-05
79.196,0.00041,0.00036355,4.645e-05
79.598,0.00039,0.00034922,4.078e-05
80.0,0.00035,0.00033546,1.454e-05
